﻿<?xml version="1.0" encoding="utf-8"?>
<key id="950ada70-4f97-4fcd-903a-0f27ce7c822d" version="1">
  <creationDate>2024-06-01T09:01:33.6755328Z</creationDate>
  <activationDate>2024-06-01T09:01:33.674195Z</activationDate>
  <expirationDate>2024-08-30T09:01:33.674195Z</expirationDate>
  <descriptor deserializerType="Microsoft.AspNetCore.DataProtection.AuthenticatedEncryption.ConfigurationModel.AuthenticatedEncryptorDescriptorDeserializer, Microsoft.AspNetCore.DataProtection, Version=8.0.0.0, Culture=neutral, PublicKeyToken=adb9793829ddae60">
    <descriptor>
      <encryption algorithm="AES_256_CBC" />
      <validation algorithm="HMACSHA256" />
      <encryptedSecret decryptorType="Microsoft.AspNetCore.DataProtection.XmlEncryption.NullXmlDecryptor, Microsoft.AspNetCore.DataProtection, Version=8.0.0.0, Culture=neutral, PublicKeyToken=adb9793829ddae60" xmlns="http://schemas.asp.net/2015/03/dataProtection">
        <unencryptedKey xmlns="">
          <!-- This key is not encrypted. -->
          <masterKey p6:requiresEncryption="true" xmlns:p6="http://schemas.asp.net/2015/03/dataProtection">
            <!-- Warning: the key below is in an unencrypted form. -->
            <value>wEBUFgAL8LMX+bMkLu3C7PF6iZEDoSQU+NSRqqZJVGO87t+ujjXBELagK0pVo9QF0GQfxpLR54XE4ed0l80cUw==</value>
          </masterKey>
        </unencryptedKey>
      </encryptedSecret>
    </descriptor>
  </descriptor>
</key>