{
  "mode": {
    "symbol": {
      "dest": ".",
      "sprite": "bootstrap-icons.svg"
    }
  },
  "svg": {
    "namespaceClassnames": false,
    "xmlDeclaration": false
  },
  "shape": {
    "transform": [
      {
        "svgo": {
          "multipass": true,
          "plugins": [
            {
              "name": "preset-default",
              "params": {
                "overrides": {
                  "removeUnknownsAndDefaults": {
                    "keepRoleAttr": true
                  },
                  "removeViewBox": false
                }
              }
            },
            "cleanupListOfValues",
            "removeXMLNS",
            "sortAttrs",
            {
              "name": "removeAttrs",
              "params": {
                "attrs": [
                  "clip-rule",
                  "data-name",
                  "fill"
                ]
              }
            }
          ]
        }
      }
    ]
  }
}
